<?xml version="1.1" encoding="UTF-8" standalone="no"?>
<databaseChangeLog xmlns="http://www.liquibase.org/xml/ns/dbchangelog" xmlns:ext="http://www.liquibase.org/xml/ns/dbchangelog-ext" xmlns:pro="http://www.liquibase.org/xml/ns/pro" xmlns:xsi="http://www.w3.org/2001/XMLSchema-instance" xsi:schemaLocation="http://www.liquibase.org/xml/ns/dbchangelog-ext http://www.liquibase.org/xml/ns/dbchangelog/dbchangelog-ext.xsd http://www.liquibase.org/xml/ns/pro http://www.liquibase.org/xml/ns/pro/liquibase-pro-latest.xsd http://www.liquibase.org/xml/ns/dbchangelog http://www.liquibase.org/xml/ns/dbchangelog/dbchangelog-latest.xsd">
    <changeSet author="Home (generated)" id="1701805308932-1">
        <preConditions onFail="MARK_RAN">
            <not>
                <tableExists tableName="accounts"/>
            </not>
        </preConditions>
        <createTable tableName="accounts">
            <column defaultValueNumeric="0.00" name="account_balance" type="DECIMAL(10, 2)">
                <constraints nullable="false"/>
            </column>
            <column name="currency_code" type="ENUM('EUR', 'USD', 'GBP', 'JPY')">
                <constraints nullable="false"/>
            </column>
            <column name="client_id" type="BIGINT">
                <constraints nullable="false"/>
            </column>
            <column name="created_at" type="datetime">
                <constraints nullable="false"/>
            </column>
            <column autoIncrement="true" name="id" type="BIGINT">
                <constraints nullable="false" primaryKey="true"/>
            </column>
            <column name="updated_at" type="datetime">
                <constraints nullable="false"/>
            </column>
            <column name="account_name" type="VARCHAR(50)">
                <constraints nullable="false"/>
            </column>
            <column name="account_status" type="ENUM('ACTIVE', 'INACTIVE', 'BLOCKED')">
                <constraints nullable="false"/>
            </column>
            <column name="account_type" type="ENUM('SAVINGS', 'CHECKING', 'LOAN')">
                <constraints nullable="false"/>
            </column>
        </createTable>
    </changeSet>
    <changeSet author="Home (generated)" id="1701805308932-2">
        <preConditions onFail="MARK_RAN">
            <not>
                <tableExists tableName="agreements"/>
            </not>
        </preConditions>
        <createTable tableName="agreements">
            <column name="interest_rate" type="DECIMAL(38, 2)">
                <constraints nullable="false"/>
            </column>
            <column name="sum" type="DECIMAL(38, 2)">
                <constraints nullable="false"/>
            </column>
            <column name="account_id" type="BIGINT">
                <constraints nullable="false"/>
            </column>
            <column name="created_at" type="datetime">
                <constraints nullable="false"/>
            </column>
            <column autoIncrement="true" name="id" type="BIGINT">
                <constraints nullable="false" primaryKey="true"/>
            </column>
            <column name="product_id" type="BIGINT">
                <constraints nullable="false"/>
            </column>
            <column name="updated_at" type="datetime">
                <constraints nullable="false"/>
            </column>
            <column name="status" type="ENUM('ACTIVE', 'CLOSED', 'PENDING', 'EXPIRED')">
                <constraints nullable="false"/>
            </column>
        </createTable>
    </changeSet>
    <changeSet author="Home (generated)" id="1701805308932-3">
        <preConditions onFail="MARK_RAN">
            <not>
                <tableExists tableName="clients"/>
            </not>
        </preConditions>
        <createTable tableName="clients">
            <column name="created_at" type="datetime">
                <constraints nullable="false"/>
            </column>
            <column autoIncrement="true" name="id" type="BIGINT">
                <constraints nullable="false" primaryKey="true"/>
            </column>
            <column name="manager_id" type="BIGINT">
                <constraints nullable="false"/>
            </column>
            <column name="updated_at" type="datetime">
                <constraints nullable="false"/>
            </column>
            <column name="address" type="VARCHAR(50)">
                <constraints nullable="false"/>
            </column>
            <column name="first_name" type="VARCHAR(50)">
                <constraints nullable="false"/>
            </column>
            <column name="last_name" type="VARCHAR(50)">
                <constraints nullable="false"/>
            </column>
            <column name="client_status" type="ENUM('ACTIVE', 'INACTIVE', 'PENDING')">
                <constraints nullable="false"/>
            </column>
            <column name="client_tax_code" type="VARCHAR(255)">
                <constraints nullable="false"/>
            </column>
            <column name="email" type="VARCHAR(255)">
                <constraints nullable="false" unique="true"/>
            </column>
            <column name="phone" type="VARCHAR(255)">
                <constraints nullable="false"/>
            </column>
            <column name="username" type="VARCHAR(50)">
                <constraints unique="true"/>
            </column>
            <column name="password" type="VARCHAR(255)">
                <constraints nullable="false"/>
            </column>
            <column name="role" type="VARCHAR(255)"/>
        </createTable>
    </changeSet>
    <changeSet author="Home (generated)" id="1701805308932-4">
        <preConditions onFail="MARK_RAN">
            <not>
                <tableExists tableName="managers"/>
            </not>
        </preConditions>
        <createTable tableName="managers">
            <column name="create_at" type="datetime">
                <constraints nullable="false"/>
            </column>
            <column autoIncrement="true" name="id" type="BIGINT">
                <constraints nullable="false" primaryKey="true"/>
            </column>
            <column name="first_name" type="VARCHAR(50)">
                <constraints nullable="false"/>
            </column>
            <column name="last_name" type="VARCHAR(50)">
                <constraints nullable="false"/>
            </column>
            <column name="description" type="VARCHAR(255)"/>
            <column name="status" type="ENUM('ACTIVE', 'INACTIVE', 'ON_VACATION', 'AWAY')"/>
            <column name="username" type="VARCHAR(50)">
                <constraints unique="true"/>
            </column>
            <column name="password" type="VARCHAR(255)">
                <constraints nullable="false"/>
            </column>
            <column name="role" type="VARCHAR(255)">
                <constraints nullable="false"/>
            </column>
        </createTable>
    </changeSet>
    <changeSet author="Home (generated)" id="1701805308932-5">
        <preConditions onFail="MARK_RAN">
            <not>
                <tableExists tableName="products"/>
            </not>
        </preConditions>
        <createTable tableName="products">
            <column name="currency_code" type="ENUM('EUR', 'USD', 'GBP', 'JPY')">
                <constraints nullable="false"/>
            </column>
            <column defaultValueNumeric="0.00" name="interest_rate" type="DECIMAL(10, 2)">
                <constraints nullable="false"/>
            </column>
            <column name="limit_amount" type="INT">
                <constraints nullable="false"/>
            </column>
            <column name="created_at" type="datetime">
                <constraints nullable="false"/>
            </column>
            <column autoIncrement="true" name="id" type="BIGINT">
                <constraints nullable="false" primaryKey="true"/>
            </column>
            <column name="manager_id" type="BIGINT">
                <constraints nullable="false"/>
            </column>
            <column name="updated_at" type="datetime">
                <constraints nullable="false"/>
            </column>
            <column name="name" type="VARCHAR(50)">
                <constraints nullable="false"/>
            </column>
            <column name="status" type="ENUM('ACTIVE', 'INACTIVE', 'PENDING', 'CLOSED')"/>
        </createTable>
    </changeSet>
    <changeSet author="Home (generated)" id="1701805308932-6">
        <preConditions onFail="MARK_RAN">
            <not>
                <tableExists tableName="transactions"/>
            </not>
        </preConditions>
        <createTable tableName="transactions">
            <column defaultValueNumeric="0.00" name="transaction_amount" type="DECIMAL(10, 2)">
                <constraints nullable="false"/>
            </column>
            <column name="credit_account_id" type="BIGINT">
                <constraints nullable="false"/>
            </column>
            <column name="debit_account_id" type="BIGINT">
                <constraints nullable="false"/>
            </column>
            <column autoIncrement="true" name="id" type="BIGINT">
                <constraints nullable="false" primaryKey="true"/>
            </column>
            <column name="transaction_created_at" type="datetime">
                <constraints nullable="false"/>
            </column>
            <column name="transaction_description" type="VARCHAR(255)">
                <constraints nullable="false"/>
            </column>
            <column name="transaction_type" type="ENUM('DEPOSIT', 'WITHDRAWAL', 'TRANSFER', 'PAYMENT')">
                <constraints nullable="false"/>
            </column>
        </createTable>
    </changeSet>
    <changeSet author="Home (generated)" id="1701805308932-7">
        <addForeignKeyConstraint baseColumnNames="manager_id"
                                 baseTableName="clients"
                                 constraintName="FKb04ux70c9nn0yi4y3pmitlfo9"
                                 deferrable="false"
                                 initiallyDeferred="false"
                                 onDelete="RESTRICT"
                                 onUpdate="RESTRICT"
                                 referencedColumnNames="id"
                                 referencedTableName="managers"
                                 validate="true"/>
    </changeSet>
    <changeSet author="Home (generated)" id="1701805308932-8">
        <addForeignKeyConstraint baseColumnNames="credit_account_id"
                                 baseTableName="transactions"
                                 constraintName="FKc6bgqjw4pbwa2xsg2ql7n5grv"
                                 deferrable="false"
                                 initiallyDeferred="false"
                                 onDelete="RESTRICT"
                                 onUpdate="RESTRICT"
                                 referencedColumnNames="id"
                                 referencedTableName="accounts"
                                 validate="true"/>
    </changeSet>
    <changeSet author="Home (generated)" id="1701805308932-9">
        <addForeignKeyConstraint baseColumnNames="manager_id"
                                 baseTableName="products"
                                 constraintName="FKg98uwjewytai1i7fe2cu4xioi"
                                 deferrable="false"
                                 initiallyDeferred="false"
                                 onDelete="RESTRICT"
                                 onUpdate="RESTRICT"
                                 referencedColumnNames="id"
                                 referencedTableName="managers"
                                 validate="true"/>
    </changeSet>
    <changeSet author="Home (generated)" id="1701805308932-10">
        <addForeignKeyConstraint baseColumnNames="client_id"
                                 baseTableName="accounts"
                                 constraintName="FKgymog7firrf8bnoiig61666ob"
                                 deferrable="false"
                                 initiallyDeferred="false"
                                 onDelete="RESTRICT"
                                 onUpdate="RESTRICT"
                                 referencedColumnNames="id"
                                 referencedTableName="clients"
                                 validate="true"/>
    </changeSet>
    <changeSet author="Home (generated)" id="1701805308932-11">
        <addForeignKeyConstraint
                baseColumnNames="debit_account_id"
                baseTableName="transactions"
                constraintName="FKkpq7imh2rcolpghjxb6b8ouwc"
                deferrable="false"
                initiallyDeferred="false"
                onDelete="RESTRICT"
                onUpdate="RESTRICT"
                referencedColumnNames="id"
                referencedTableName="accounts"
                validate="true"/>
    </changeSet>
    <changeSet author="Home (generated)" id="1701805308932-12">
        <addForeignKeyConstraint
                baseColumnNames="account_id"
                baseTableName="agreements"
                constraintName="FKlshrwa9mq7iar9rwxkwdrus2r"
                deferrable="false"
                initiallyDeferred="false"
                onDelete="RESTRICT"
                onUpdate="RESTRICT"
                referencedColumnNames="id"
                referencedTableName="accounts"
                validate="true"/>
    </changeSet>
    <changeSet author="Home (generated)" id="1701805308932-13">
        <addForeignKeyConstraint
                baseColumnNames="product_id"
                baseTableName="agreements"
                constraintName="FKvtp15t5x12x5lk4akedy8e4n"
                deferrable="false"
                initiallyDeferred="false"
                onDelete="RESTRICT"
                onUpdate="RESTRICT"
                referencedColumnNames="id"
                referencedTableName="products"
                validate="true"/>
    </changeSet>

</databaseChangeLog>
